Sno,EAMCET-Code,AICTE,CollegeName,L4G College Code,L4G Group code,"Autonomy(PrivateUniversity, PublicUniversity, Autonomous,Affiliated)",Type,type_code,CountryCode,state_code,State (),district_code,District,PIN code,Nearest City,Urban/SemiUrban/Rural,Website,Full Address,LatLong,rollno_code,is_deleted,,
95,AKRG,,A K R G College of Engineering and Technology,C095,,Affiliated,ENGINEERING_COLLEGE,,,28,Andhra Pradesh,546,West Godavari,,Bangalore,,,,,,,,
,,,A. A. N. M. & V. V. R. S. R. Polytechnic,C459,,,,,,28,Andhra Pradesh,547,Krishna,,,,.,,,,,,
254,AARM,,Aar Mahaveer Engineering College,C254,,Affiliated,ENGINEERING_COLLEGE,,,36,Telengana,536,Ranga Reddy,,,,https://www.aarm.ac.in/,,,,,,
,,,Aarupadai Veedu Institute Of Technology,C412,,Private University,,,,33,Tamil Nadu,603,Chennai,,,,https://avit.ac.in/,,,,,,
281,AKIT,,Abdul Kalam Institute of Technological Sciences,C281,,Affiliated,ENGINEERING_COLLEGE,,,36,Telengana,541,Khammam,,,,https://akits.ac.in/,,,,,,
,,,ABR College of Engineering and Technology,C458,,,,,,28,Andhra Pradesh,549,Prakasam,,,,abrcet.ac.in,,,,,,
,,,AC Patil College of Engineering,C483,,Affiliated,,,,27,Maharashtra,517,Thane,,,,https://www.acpce.org/,,,,,,
86,ACEG,,ACE Engineering College,C086,,,ENGINEERING_COLLEGE,,,36,Telengana,537917,Medchal,,,,,,,,,,
,,,Acharya Nagarjuna University ,C309,,University,University,,,28,Andhra Pradesh,548,Guntur,,,,www.nagarjunauniversity.ac.in,,,,,,
51,ACES,,Aditya College of Engineering,C051,,Autonomous,ENGINEERING_COLLEGE,,,28,Andhra Pradesh,545,East Godavari,,,,https://www.acoe.edu.in/,,,,,,
37,ACET,,Aditya College of Engineering & Technology,C037,,Autonomous,ENGINEERING_COLLEGE,,,28,Andhra Pradesh,545,East Godavari,,,,https://acet.ac.in/,,,,,,
91,AGBS,,Aditya Global Business School,C091,,,BUSINESS_SCHOOL,,,28,Andhra Pradesh,545,East Godavari,,,,https://aditya.ac.in/bschool/,,,,,,
17,ADIT,,Aditya Institute of Technology and Management,C017,,Autonomous,ENGINEERING_COLLEGE,,,28,Andhra Pradesh,542,Srikakulam,,,,https://www.adityatekkali.edu.in/,,,,,,
,,,Aditya University,C310,,University,Private University,,,28,Andhra Pradesh,545,East Godavari,,,,https://adityauniversity.in/,,,,T,,
52,ADTP,,Aditya University(Aditya Engineering College),C052,,University,ENGINEERING_COLLEGE,,,28,Andhra Pradesh,545,East Godavari,,,,https://www.aec.edu.in/,,,,,,
,,,Aditya Women's Degree College,C368,,,,,,28,Andhra Pradesh,545,East Godavari,,,,,,,,,,
223,ASEK,,Akula Sree Ramulu College of Engineering,C223,,Affiliated,ENGINEERING_COLLEGE,,,28,Andhra Pradesh,546,West Godavari,,,,https://bedtnk.asrgroup.co.in/,,,,,,
,,,Alliance College of Engineering and Design,C478,,Private University,,,,29,Karnataka,572,Bangalore,,,,https://alliance.edu.in/school/school-of-engineering-and-design,,,,,,
,,,Alva's Institute Of Engineering and Technology,C398,,,,,,29,Karnataka,575,Mangalore,,,,aiet.org.in,,,,,,
76,AIME,,Amalapuram Institute of Management Sceinces & College of Engineering,C076,,Affiliated,ENGINEERING_COLLEGE,,,28,Andhra Pradesh,545,East Godavari,,,,,,,,,,
,,,"Amity University, Hyderabad",C311,,University,,,,36,Telengana,536,Hyderabad,,,,https://amityonlinemba.org.in/,,,,,,
,,,Amrita Sai Institute of Science and Technology,C463,,,,,,28,Andhra Pradesh,547,Krishna,,,,amritasai.org.in,,,,T,,
,,,"Amrita Vishwa Vidyapeetham, Coimbatore",C413,,Private University,,,,33,Tamil Nadu,632,Ettimadai,,,,https://www.amrita.edu/,,,,,,
226,ASIP,,Amritha Sai Institute of Science and Technology  Paritala,C226,,Autonomous,ENGINEERING_COLLEGE,,,28,Andhra Pradesh,547,Krishna,,,,https://amritasai.org.in/,,,,,,
239,ALTS,,Anantha Lakshmi Institute of Technology and Sciences,C239,,Autonomous,ENGINEERING_COLLEGE,,,28,Andhra Pradesh,553,Anantapur,,,,https://alits.ac.in/,,,,,,
96,ALIT,,Andhra Loyola Institute of Engineering and Technology,C096,,Autonomous,ENGINEERING_COLLEGE,,,28,Andhra Pradesh,547,Krishna,,,,http://aliet.ac.in/,,,,,,
,,,Andhra University ,C312,,University,University,,,28,Andhra Pradesh,544,Visakhapatnam,,,,https://www.andhrauniversity.edu.in/,,,,,,
97,ANIL,,Anil Neerukonda Institute of Technology & Science,C097,,Autonomous,ENGINEERING_COLLEGE,,,28,Andhra Pradesh,544,Visakhapatnam,,,,https://anits.edu.in/,,,,,,
,,,Annabattuni Satyanarayana Degree College,C462,,,,,,28,Andhra Pradesh,547,Krishna,,,,amritasai.org.in,,,,,,
,,,Annai College Of Arts & Science,C492,,Affiliated,,,,33,Tamil Nadu,614,Tiruchirappalli,,,,https://www.annaicollege.com/,,,,,,
50,AITK,,"Annamacharya Institute of Technology and Sciences, Kadapa",C050,,Autonomous,ENGINEERING_COLLEGE,,,28,Andhra Pradesh,551,Kadapa,,,,https://aitskadapa.ac.in/,,,,,,
58,AITS,,"Annamacharya University (Annamacharya Institute of Technology and Sciences, Rajampet) ",C058,,Autonomous,ENGINEERING_COLLEGE,,,28,Andhra Pradesh,551,Kadapa,,,,https://aitsrajampet.ac.in/,,,,,,
53,AITT,,"Annamacharya Institute of Technology and Sciences, Tirupati",C053,,Autonomous,ENGINEERING_COLLEGE,,,28,Andhra Pradesh,554,Chittoor,,,,https://aits-tpt.edu.in/,,,,,,
,AITH,,"Annamacharya Institute of Technology and Sciences, Hyderabad",C366,,,,,,36,Telangana,536,Ranga Reddy,,,,,,,,,,
282,BOSE,,Anubose Institute of Technology,C282,,Autonomous,ENGINEERING_COLLEGE,,,36,Telengana,541,Khammam,,,,https://abit.ac.in/,,,,,,
101,ANRH,,Anurag College of Engineering,C101,,Autonomous,ENGINEERING_COLLEGE,,,36,Telengana,537917,Medchal,,,,www.anuraghyd.ac.in,,,,,,
100,ANRK,,ANURAG Engineering College,C100,,Autonomous,ENGINEERING_COLLEGE,,,36,Telengana,539,Nalgonda,,,,https://anurag.ac.in/,,,,,,
98,CVSR,,Anurag University,C098,,University,ENGINEERING_COLLEGE,,,36,Telengana,537917,Medchal,,,,https://anurag.edu.in/,,,,,,
,,,Arya College of Engineering & IT,C427,,,,,,8,Rajasthan,110,Jaipur,,,,aryacollege.in,,,,,,
102,ASOK,,Ashoka Institute of Engineering & Technology,C102,,Affiliated,ENGINEERING_COLLEGE,,,36,Telengana,537,Ranga Reddy,,,,http://ashoka.ac.in/,,,,,,
42,ASIT,,Audisankara Institute of Technology,C042,,Affiliated,ENGINEERING_COLLEGE,,,28,Andhra Pradesh,550,Nellore,audisankara,,,https://www.audisankara.ac.in/,,,,,,
39,SANK,,Audisankara College of Engineering & Technology,C039,,Affiliated,ENGINEERING_COLLEGE,,,28,Andhra Pradesh,302,Goalpara,,,,,,,,,,
103,ASCW,,Audisankara College of Engineering for Women,C103,,Affiliated,ENGINEERING_COLLEGE,,,28,Andhra Pradesh,550,Nellore,,,,,,,,,,
104,AURP,,Aurora Technological & Research Institute,C104,,Affiliated,ENGINEERING_COLLEGE,,,36,Telengana,537,Ranga Reddy,,,,https://www.aurora.edu.in/,,,,,,
,,,Aurora University ,C336,,University,,,,36,Telangana,0,,,,,https://www.atri.edu.in/,,,,,,
108,AURB,,Auroras Engineering College,C108,,Affiliated,ENGINEERING_COLLEGE,,,36,Telengana,536,Ranga Reddy,,,,https://www.aurora.ac.in/,,,,,,
109,AURG,,Auroras Scientific and Technological Institute,C109,,Affiliated,ENGINEERING_COLLEGE,,,36,Telengana,537917,Medchal,,,,https://www.asti.edu.in/,,,,,,
106,AURC,,Auroras Scientific Technological & Research Academy,C106,,Affiliated,ENGINEERING_COLLEGE,,,36,Telengana,537,Ranga Reddy,,,,https://www.astra.edu.in/,,,,,,
107,AURK,,Auroras Technological & Management Academy,C107,,Affiliated,ENGINEERING_COLLEGE,,,36,Telengana,537,Ranga Reddy,,,,https://www.aurora.in/atma/,,,,,,
,,,Avanthi Degree and Pg college,C443,,Affiliated,,,,36,Telengana,537,Ranga Reddy,,,,http://avanthicollege.ac.in/,,,,,,
111,AVEN,,Avanthi Institute of Engineering & Technology,C111,,Autonomous,ENGINEERING_COLLEGE,,,28,Andhra Pradesh,506,Bhandara,,,,https://aietg.ac.in/,,,,,,
110,AVIH,,Avanthi Institute of Engineering and Technology,C110,,Autonomous,ENGINEERING_COLLEGE,,,36,Telangana,0,,,,,https://aietg.ac.in/,,,,,,
113,ARPA,,Avanthis Postgraduate & Research Academy,C113,,Affiliated,ENGINEERING_COLLEGE,,,36,Telengana,506,Bhandara,,,,https://www.avanthi.edu.in/program8,,,,,,
112,ASRA,,Avanthis Scientific Technological & Research Academy,C112,,Affiliated,ENGINEERING_COLLEGE,,,36,Telengana,506,Bhandara,,,,https://avanthi.edu.in/ASRA/,,,,,,
213,ASTC,,Avanthis St. Theressa Institute of Engineering & Technology,C213,,Affiliated,ENGINEERING_COLLEGE,,,28,Andhra Pradesh,543,Vizianagaram,,,,https://sttheressaengg.ac.in/,,,,,,
159,AVNI,,Avn Institute of Engineering & Technology,C159,,Autonomous,ENGINEERING_COLLEGE,,,36,Telengana,506,Bhandara,,,,https://avniet.ac.in/,,,,,,
33,BVRI,,B V Raju Institiute of Technology,C033,,Autonomous,ENGINEERING_COLLEGE,,,36,Telengana,537,Ranga Reddy,,,,https://www.bvricedegree.edu.in/,,,,,,
,,,B.R Ambedkar College Hyderabad,C468,,University,,,,36,Telengana,537,Ranga Reddy,,,,https://www.braou.ac.in/#gsc.tab=0,,,,,,
63,SSBV1,,B.Seetha Polytechnic College,C063,,,POLYTECHNIC_COLLEGE,,,28,Andhra Pradesh,546,West Godavari,,,,https://seethapoly.edu.in/,,,,,,
,,,B.V.RAJU COLLEGE,C337,,Autonomous,,,,28,Andhra Pradesh,546,West Godavari,,,,,,,,,,
,,,Bajaj Institute of Technology Wardha,C406,,Affiliated,,,,27,Maharashtra,504,Wardha,,,,https://bitwardha.ac.in/,,,,,,
114,BITN,,Balaji Institute of Technology & Sciences,C114,,Autonomous,ENGINEERING_COLLEGE,,,36,TS,540918,Warangal Rural,,Warangal,,https://bitswgl.ac.in/,,,,,,
115,BECB,,Bapatla Engineering College,C115,,Autonomous,ENGINEERING_COLLEGE,,,28,Andhra Pradesh,548,Guntur,,,,https://becbapatla.ac.in/,,,,,,
,,,Bennett University ,C353,,,,,,9,Uttar Pradesh,141,Gautam Buddha Nagar,,,,,,,,,,
,,,Bhagwantrao Arts & Science College,C484,,Affiliated,,,,27,Maharashtra,508,Gadchiroli,,,,NA,,,,,,
,,,Bhai Parmanand Institute of Business Studies,C428,,Affiliated,,,,7,NCT of Delhi,94,New Delhi,,,,https://bpibs.in/,,,,,,
82,BIET,,Bharat Institute of Engineering and Technology,C082,,Affiliated,ENGINEERING_COLLEGE,,,36,Telengana,506,Bhandara,,,,https://biet.ac.in/,,,,,,
,,,Bharatiya Engineering Science and Technology Innovation University ,C313,,University,ENGINEERING_COLLEGE,,,28,Andhra Pradesh,553,Anantapur,,,,https://bestiu.edu.in/,,,,,,
166,BSKR,,Bhaskar Engineering College,C166,,Autonomous,ENGINEERING_COLLEGE,,,36,Telengana,506,Bhandara,,,,https://www.bec.edu.in/,,,,,,
255,BREW,,Bhoj Reddy Engineering College For Women,C255,,Affiliated,ENGINEERING_COLLEGE,,,36,Telengana,506,Bhandara,,,,http://www.brecw.ac.in/,,,,,,
240,BTHP,,BIT Institute of Technology,C240,,Affiliated,ENGINEERING_COLLEGE,,,28,Andhra Pradesh,553,Anantapur,,,,,,,,,,
,,,BMS College of Engineering,C395,,Autonomous,,,,29,Karnataka,572,Bangalore,,,,bmsce.ac.in,,,,,,
,,,BMS Institute of Technology and Management,C392,,,,,,29,Karnataka,572,Bangalore,,,,bmsit.ac.in,,,,,,
116,BOMA,,Bomma Institute of Technology & Science,C116,,Affiliated,ENGINEERING_COLLEGE,,,36,Telangana,0,Khammam,"visak,khammam",,,www.bomma.ac.in,,,,,,
244,BRNK,,Brindavan Institute of Technology and Science,C244,,Affiliated,ENGINEERING_COLLEGE,,,28,Andhra Pradesh,552,Kurnool,,,,https://www.bitskurnool.edu.in/,,,,,,
11,BVCR,,BVC College of Engineering,C011,,Autonomous,ENGINEERING_COLLEGE,,,28,Andhra Pradesh,545,East Godavari,,,,https://bvcr.edu.in/,,,,,,
10,BVCE,,BVC Engineering College,C010,,Autonomous,ENGINEERING_COLLEGE,,,28,Andhra Pradesh,545,East Godavari,,,,https://bvcec.edu.in/,,,,,,
25,BVTS,,BVC Institute of Technology and Science,C025,,Autonomous,ENGINEERING_COLLEGE,,,28,Andhra Pradesh,545,East Godavari,,,,https://bvcits.edu.in/,,,,,,
16,BVRW,,BVRIT HYDERABAD College of Engineering for Women,C016,,Autonomous,ENGINEERING_COLLEGE,,,36,Telengana,537,Ranga Reddy,,,,https://bvrithyderabad.edu.in/,,,,,,
,,,"BVSR Engineering College
",C421,,Affiliated,,,,28,Andhra Pradesh,549,Prakasam,,,,https://www.bvsr.ac.in/,,,,,,
8,CBTK,,"Chaitanya Bharathi Institute of Technology, Proddatur",C008,,Autonomous,ENGINEERING_COLLEGE,,,28,Andhra Pradesh,551,Kadapa,,,,https://www.cbit.ac.in/,,,,,,
,,,Centurion University,C488,,Private University,,,,21,Odisha,389,Gajapati,,,,https://cutm.ac.in,,,,,,
237,CHDL,,Chadalawada Ramanamma Engineering College,C237,,Autonomous,ENGINEERING_COLLEGE,,,28,Andhra Pradesh,554,Chittoor,,,,https://crectirupati.ac.in/,,,,,,
6,CBIT,,"Chaitanya Bharathi Institute of Technology, Hyderabad",C006,,Autonomous,ENGINEERING_COLLEGE,,,36,Telengana,536,Ranga Reddy,,,,https://www.cbit.ac.in/,,,,,,
,,,Chaitanya Deemed to be University ,C444,,Deemed University,,,,36,Telangana,537,Rangareddy,,,,chaitanya.edu.in,,,,,,
,,,Chaitanya Degree & PG  College,C364,,,,,,28,Andhra Pradesh,547,Krishna,,,,,,,,,,
126,CEVP,,Chaitanya Engineering College,C126,,Affiliated,ENGINEERING_COLLEGE,,,28,Andhra Pradesh,544,Visakhapatnam,,,,https://cec.ac.in/,,,,,,
81,CIET,,Chalapathi Institute of Engineering & Technology,C081,,Autonomous,ENGINEERING_COLLEGE,,,28,Andhra Pradesh,548,Guntur,,,,https://chalapathiengg.ac.in/,,,,,,
88,CITY,,Chalapathi Institute of Technology,C088,,Autonomous,ENGINEERING_COLLEGE,,,28,Andhra Pradesh,548,Guntur,,,,https://city.ac.in/,,,,,,
,,,Chandigarh Group Of Colleges Landran,C447,,,,,,3,Punjab,0,,,,,cgc.edu.in,,,,,,
,,,Chandigarh University ,C407,,University,,,,3,Punjab,0,,,,,,,,,,,
,,,Charotar University Of Science and Technology,C389,,,,,,24,Gujarat,0,,,,,,,,,,,
,,,Chitkara University,C386,,,,,,3,Punjab,0,,,,,,,,,,,
,,,Christ University ,C400,,Private University,,,,29,Karnataka,572,Bangalore,,,,,,,,,,
290,CJIT,,Christu Jyothi Instititute of Technology & Science,C290,,Affiliated,ENGINEERING_COLLEGE,,,36,TS,540,Warangal,,,,https://cjits.ac.in/,,,,,,
,,,Cleveland state University,C419,,University,,,,,Unknown,0,,,,,,,,,,,
48,CMRK,,CMR College of Engineering & Technology,C048,,Autonomous,ENGINEERING_COLLEGE,,,36,Telangana,0,,,,,https://cmrcet.ac.in/,,,,,,
118,CMRN,,CMR Engineering College,C118,,Autonomous,ENGINEERING_COLLEGE,,,36,Telengana,537917,Medchal,,,,https://cmrec.ac.in/,,,,,,
119,CMRM,,CMR Institute of Technology,C119,,Autonomous,ENGINEERING_COLLEGE,,,36,Telengana,537917,Medchal,,,,https://cmrithyderabad.edu.in/,,,,,,
31,CMRG,,CMR Technical Campus,C031,,Autonomous,ENGINEERING_COLLEGE,,,36,Telengana,537917,Medchal,,,,https://cmrtc.ac.in/,,,,,,
215,CITM,,Coastal Institute of Technology & Management,C215,,Affiliated,ENGINEERING_COLLEGE,,,28,Andhra Pradesh,543,Vizianagaram,,,,https://www.citm.ac.in/,,,,,,
,,,"College of Agriculture, Nagpur",C485,,Affiliated,,,,27,Maharashtra,505,Nagpur,,,,https://www.pdkv.ac.in/?page_id=3739,,,,,,
256,CVRH,,CVR College of Engineering,C256,,Autonomous,ENGINEERING_COLLEGE,,,36,Telengana,537,Bhandara,,,,https://cvr.ac.in/home4/,,,,,,
217,DIET,,Dadi Institute of Engineering & Technology,C217,,Autonomous,ENGINEERING_COLLEGE,,,28,Andhra Pradesh,544,Visakhapatnam,,,,https://diet.edu.in/,,,,,,
,,,Dayananda Sagar College of Engineering,C480,,Autonomous,,,,29,Karnataka,572,Bangalore,,,,https://www.dsce.edu.in/,,,,,,
54,DSIT,,DBS Institute of Technology,C054,,Affiliated,ENGINEERING_COLLEGE,,,28,Andhra Pradesh,550,Nellore,,,,https://www.dbsinstitutions.com/,,,,,,
162,DCET,,Deccan College of Engineering & Technology,C162,,Affiliated,ENGINEERING_COLLEGE,,,36,Telengana,536,Ranga Reddy,,,,https://deccancollege.ac.in/,,,,,,
,,,Devang Patel Institute of Advance Technology and Research,C474,,Affiliated,,,,24,Gujarat,482,Anand,,,,https://www.charusat.ac.in/depstar/index.html,,,,,,
24,MICT,,Devineni Venkata Ramana Dr Hima Sekhar MIC College of Technology,C024,,Autonomous,ENGINEERING_COLLEGE,,,28,Andhra Pradesh,547,Krishna,,,,https://www.mictech.edu.in/,,,,,,
,,,Dhanalakshmi Srinivasan University,C494,,Private University,,,,33,Tamil Nadu,614,Tiruchirappalli,,,,https://www.dsuniversity.ac.in/,,,,,,
9,DHAN,,Dhanekula Institute of Engineering and Technology,C009,,Affiliated,ENGINEERING_COLLEGE,,,28,Andhra Pradesh,547,Krishna,,,,https://diet.ac.in/,,,,,,
120,DNRE,,DNR College of Engineering and Technology,C120,,Autonomous,ENGINEERING_COLLEGE,,,28,Andhra Pradesh,546,West Godavari,,,,https://dnrcet.org/web/,,,,,,
,,,Dr. Ambedkar Institute Of Technology,C399,,Autonomous,,,,29,Karnataka,572,Bangalore,,,,drait.edu.in,,,,,,
,,,"Dr. D. Y. Patil Institute of Technology, Pimpri",C403,,Affiliated,,,,27,Maharashtra,521,Pimpri Chinchwad,,,,https://engg.dypvp.edu.in/,,,,,,
,,,"Dr. Lankapalli Bullayya College
",C422,,Autonomous,,,,28,Andhra Pradesh,544,Visakhapatnam,,,,bullayya.ac.in,,,,,,
,,,Dr. Paul Raj Engineering College,C464,,,,,,28,Andhra Pradesh,545,East Godavari,,,,dprec.ac.in,,,,,,
84,BRAUSF,,Dr.B.R.Ambedkar Open University ,C084,,University,ENGINEERING_COLLEGE,,,36,Telangana,536,Ranga Reddy,,,,https://www.braou.ac.in/#gsc.tab=0,,,,,,
122,KVSR,,Dr.K.V. Subba Reddy Institute of Technology,C122,,Autonomous,ENGINEERING_COLLEGE,,,28,Andhra Pradesh,552,Kurnool,,,,https://drkvsrit.ac.in/index.html,,,,,,
121,KVSW,,Ashoka Women's Engineering College (Dr.K.V. Subba Reddy Institute of Technology -for Women),C121,,Autonomous,ENGINEERING_COLLEGE,,,28,Andhra Pradesh,552,Kurnool,,,,,,,,,,
,,,Dr.YSR Architecture and Fine Arts University,C338,,University,,,,28,Andhra Pradesh,551,Kadapa,,,,https://www.ysrafu.ac.in/,,,,,,
,,,East Point College of Engineering & Technology,C429,,Affiliated,,,,29,Karnataka,572,Bangalore,,,,https://www.eastpoint.ac.in/,,,,,,
,,,Echelon Institute Of Technology,C475,,Affiliated,,,,6,Haryana,88,Faridabad,,,,https://eitfaridabad.com/,,,,,,
123,ELEN,,Ellenki College of Engineering & Technology,C123,,Autonomous,ENGINEERING_COLLEGE,,,36,Telangana,535903,Sangareddy,,,,https://ellenkicet.ac.in/,,,,,,
,,,Eluru College Of Engineering,C369,,,,,,28,Andhra Pradesh,546,West Godavari,,,,,,,,,,
,,,Federal Institute of Science and Technology ,C297,,Affiliated,,,,32,Kerala,595,Ernakulam,,Ernakulum,Kerala,https://fisat.ac.in/,,,,,,
124,GNTW,,G Narayanamma Institute of Technology & Science for Women,C124,,Affiliated,ENGINEERING_COLLEGE,,,36,Telangana,536,Ranga Reddy,,,,https://old.gnits.ac.in/,,,,,,
44,PCEK,,G Pullaiah College of Engineering & Technology,C044,,Affiliated,ENGINEERING_COLLEGE,,,28,Andhra Pradesh,552,Kurnool,,,,https://www.gpcet.ac.in/,,,,,,
26,GPRE,,G. Pulla Reddy Engineering College,C026,,Autonomous,ENGINEERING_COLLEGE,,,28,Andhra Pradesh,553,Anantapur,,,,https://www.gprec.ac.in/,,,,,,
,,,Galgotias University,C505,,,,,,9,Uttar Pradesh,141,Gautam Buddha Nagar,,,,https://www.galgotiasuniversity.edu.in/,,,,,,
267,GNPT,,Ganapathy Engineering College,C267,,Affiliated,ENGINEERING_COLLEGE,,,36,Telengana,540918,Warangal Rural,,,,www.ganapathyeng.org,,,,,,
,,,Gandhi Engineering College,C487,,Autonomous,,,,21,Odisha,386,Khordha,,,,https://www.gec.edu.in/,,,,,,
241,GATE,,Gates Institute of Technology,C241,,Autonomous,ENGINEERING_COLLEGE,,,28,Andhra Pradesh,553,Anantapur,,,,https://gatesit.ac.in/,,,,,,
165,GVPE,,Gayathri Vidya Parishad (GVP) College of Engineering,C165,,Autonomous,ENGINEERING_COLLEGE,,,28,Andhra Pradesh,544,Visakhapatnam,,,,https://www.gvpce.ac.in/,,,,,,
227,GDMM,,GDMM College of Engineering & Technology,C227,,Affiliated,ENGINEERING_COLLEGE,,,28,Andhra Pradesh,547,Krishna,,,,,,,,,,
125,GCTC,,Geethanjali College of Engineering & Technology,C125,,Autonomous,ENGINEERING_COLLEGE,,,36,Telangana,537917,Medchal,,,,https://www.geethanjaliinstitutions.com/engineering/,,,,,,
,,,Geethanjali College of Engineering and Technology,C448,,Private University,,,,36,Telangana,537917,Medchal,,,,geethanjaliinstitutions.com,,,,T,,
236,GTNN,,Geethanjali Institute of Science & Technology,C236,,Autonomous,ENGINEERING_COLLEGE,,,28,Andhra Pradesh,550,Nellore,,,,https://gist.edu.in/,,,,,,
129,GIET,,GIET College of Engineering,C129,,Autonomous,ENGINEERING_COLLEGE,,,28,Andhra Pradesh,545,East Godavari,,,,https://giet.ac.in/,,,,,,
128,GITE,,GIET Engineering College,C128,,Autonomous,ENGINEERING_COLLEGE,,,28,Andhra Pradesh,545,East Godavari,,,,https://www.gietec.ac.in/,,,,,,
,,,GITAM University Hyderabad ,C379,,,,,,36,Telengana,0,,,,,,,,,,,
,,,"GITAM University, Vizag",C314,,University,,,,28,Andhra Pradesh,544,Visakhapatnam,,,,https://www.gitam.edu/,,,,,,
257,GLOB,,Global Institute of Engineering & Technology,C257,,Autonomous,ENGINEERING_COLLEGE,,,36,Telengana,536,Ranga Reddy,,,,https://www.globalhyd.edu.in/,,,,,,
130,GMRI,,GMR Institute of Technology (GMRIT),C130,,Autonomous,ENGINEERING_COLLEGE,,,28,Andhra Pradesh,543,Vizianagaram,,,,https://gmrit.edu.in/,,,,,,
,,,Godavari Global University (GGU),C315,,University,,,,28,Andhra Pradesh,545,East Godavari,,,,https://ggu.edu.in/,,,,,,
127,GIER,,Godavari Institute of Engineering and Technology,C127,,Autonomous,ENGINEERING_COLLEGE,,,28,Andhra Pradesh,545,East Godavari,,,,https://giet.ac.in/,,,,,,
245,GRRR,,Gokaraju Rangaraju Institute of Engineering & Technology,C245,,Affiliated,ENGINEERING_COLLEGE,,,36,Telengana,536,Ranga Reddy,,,,https://www.griet.ac.in/,,,,,,
216,GGIB,,Gokul Institute of Technology & Sciences,C216,,Autonomous,ENGINEERING_COLLEGE,,,28,Andhra Pradesh,543,Vizianagaram,,,,,,,,,,
34,GTMW,,Gouthami Institute of Technology And management For Women,C034,,Affiliated,ENGINEERING_COLLEGE,,,28,Andhra Pradesh,551,Kadapa,,,,https://www.gitamw.ac.in/,,,,,,
,,,Government Arts and Science College Aranthangi,C496,,Affiliated,,,,33,Tamil Nadu,621,Pudukkottai,,,,https://tngasa.com/government-arts-and-science-college-aranthangi/,,,,,,
,,,Government Engineering College Arwal Bihar ,C298,,University,,,,10,Bihar,240,Arwal,,,Bihar,https://www.gecarwal.ac.in/,,,,,,
,,,Graphic Era Hill University,C430,,University,,,,5,Uttarakhand,60,Dehradun,,,,https://www.gehu.ac.in/,,,,,,
132,GNIT,,Gurunanak Institute of Technology,C132,,Autonomous,ENGINEERING_COLLEGE,,,36,Telengana,537,Bhandara,,,,https://gnit.ac.in/,,,,,,
133,GURU,,Gurunanak Institutions Technical Campus,C133,,Autonomous,ENGINEERING_COLLEGE,,,36,Telengana,537,Bhandara,,,,https://www.gniindia.org/gnitc/,,,,,,
135,HMTK,,Holy Mary Institute of Technology and Science College of Engineering,C135,,Autonomous,ENGINEERING_COLLEGE,,,36,Telengana,537917,Medchal,,,,https://www.hits.ac.in/,,,,,,
246,HITM,,Hyderabad Institute of Technology & Management,C246,,Autonomous,ENGINEERING_COLLEGE,,,36,Telengana,536,Ranga Reddy,,,,https://hitam.org/,,,,,,
,,,"ICFAI University, Hyderabad",C317,,University,,,,36,Telengana,536,Ranga Reddy,,,,https://www.icfaiuniversity.in/ifhe/,,,,,,
,,,Ideal Institute Of Technology,C451,,Private University,,,,9,Uttar Pradesh,140,Ghaziabad,,,,idealinstitute.ac.in,,,,,,
,,,IIIT Hyderabad,C381,,,,,,36,Telengana,0,,,,,,,,,,,
,,,IIIT Kadapa,C456,,,,,,28,Andhra Pradesh,551,Kadapa,,,,iiitk.ac.in,,,,,,
,,,IIIT Sonepat,C316,,,,,,6,Haryana,76,Sonipat,,,,https://iiitsonepat.ac.in/,,,,,,
,,,IIT Indore,C404,,,,,,23,Madhya Pradesh,439,Indore,,,,https://www.iiti.ac.in/,,,,,,
,,,IIT Tirupati ,C339,,,,,,28,Andhra Pradesh,554,Chittoor,,,,https://www.iittp.ac.in/,,,,,,
,,,Indhira Gandhi National Open University ,C299,,University,,,,7,NCR of Delhi,0,,,,,https://www.ignou.ac.in/,,,,,,
,,,Indian Institute of Information Technology Design and Manufacturing Kurnool,C340,,,,,,28,Andhra Pradesh,552,Kurnool,,,,https://iiitk.ac.in/,,,,,,
,,,"Indian Institute of Information Technology Design and Manufacturing, Kancheepuram",C431,,University,,,,33,Tamil Nadu,604,Kancheepuram,,,,https://www.iiitdm.ac.in/,,,,,,
,,,Indian Institute of Science Education and Research Bhopal,C446,,,,,,23,Madhya Pradesh,444,Bhopal,,,,iiserb.ac.in,,,,,,
,,,Indian Institute of Technology Hyderabad,C383,,,,,,36,Telengana,0,,,,,,,,,,,
,,,Indraprastha Institute of Information Technology Delhi (IIIT-Delhi),C318,,,,,,7,NCR of Delhi,0,,,,,https://www.iiitd.ac.in/,,,,,,
59,IITT,,Indur Institute of Engineering & Technology,C059,,Affiliated,ENGINEERING_COLLEGE,,,36,Telengana,535,Medak,,,,http://www.induriet.edu.in/,,,,,,
173,IARE,,Institute of Aeronautical Engineering,C173,,,ENGINEERING_COLLEGE,,,36,Telengana,537917,Medchal,,,,https://www.iare.ac.in/,,,,,,
,,,International Institute of Information Technology Naya Raipur,C354,,,,,,22,Chhattisgarh,410,,,,,,,,,,,
,,,Jai Shriram Engineering College ,C410,,,,,,33,Tamil Nadu,614,Tiruppur,,,,"https://jayshriram.edu.in/about-us/#:~:text=world%20through%20eternity.-,Dr.,for%20more%20than%2023%20years.",,,,,,
,,,Jawaharlal Nehru government polytechnic ,C355,,,,,,36,Telengana,536,,,,,,,,,,,
,,,Jawaharlal Nehru Technological University Anantapur ,C377,,,,,,28,Andhra Pradesh,553,Anantapur,,,,,,,,,,
,,,Jawaharlal Nehru Technological University College of Engineering Kakinada ,C423,,University,,,,28,Andhra Pradesh,545,East Godavari,,,,https://www.jntuk.edu.in/,,,,,,
,,,Jawaharlal Nehru Technological University Hyderabad,C432,,University,,,,36,Telengana,536,Ranga Reddy,,,,https://jntuh.ac.in/,,,,,,
,,,"Jawaharlal Nehru university, New Delhi",C300,,University,,,,7,NCR of Delhi,0,,,,,https://www.jnu.ac.in/main/,,,,,,
136,JAYA,,Jayamukhi Institute of Technological Sciences,C136,,Autonomous,ENGINEERING_COLLEGE,,,36,Telengana,540,Warangal,,,,https://jayamukhi.ac.in/,,,,,,
289,IPNE,,Jayaprakash Narayan College of Engineering,C289,,Autonomous,ENGINEERING_COLLEGE,,,36,Telengana,538,Mahbubnagar,,,,https://jpnce.ac.in/new/index.php,,,,,,
137,JBIT,,JB Institute of Engineering & Technology,C137,,Autonomous,ENGINEERING_COLLEGE,,,36,Telengana,537,Bhandara,,,,https://www.jbiet.edu.in/,,,,,,
,,,JKLU University Jaipur ,C319,,University,,,,8,Rajasthan,110,Jaipur,,,,https://jklu.edu.in/,,,,,,
,,,"JNTUH University College of Engineering Jagtial
",C384,,,,,,36,Telengana,0,,,,,,,,,,,
,,,Joginapally Bhaskar Rao Institute of Engineering and Technology,C320,,Autonomous,,,,36,Telengana,537,Bhandara,,,,https://jbrec.edu.in/,,,,,,
138,JOGI,,Joginpally Br Engineering College,C138,,Autonomous,ENGINEERING_COLLEGE,,,36,Telengana,537,Bhandara,,,,https://jbrec.edu.in/,,,,,,
,,,JSS Academy Of Technical Education Bangalore ,C393,,,,,,29,Karnataka,572,Bangalore,,,,jssateb.ac.in,,,,,,
139,JMTK,,Jyothishmathi Institute of Technological Sciences,C139,,Autonomous,ENGINEERING_COLLEGE,,,36,Telengana,534,Karimnagar,,,,,,,,,,
140,JMTS,,Jyothishmathi Institute of Technology and Science,C140,,Autonomous,ENGINEERING_COLLEGE,,,36,Telengana,534,Karimnagar,,,,https://jits.ac.in/,,,,,,
,,,Jyothismathi Institute of Technology and Science,C472,,Autonomous,,,,36,Telangana,534,Karimnagar,,,,https://jits.ac.in/,,,,,,
,,,K.C.College of Engineering and Management Studies and Research,C453,,,,,,27,Maharashtra,517,Thane,,,,kccemsr.edu.in,,,,,,
,,,K.Ramakrishnan College of Engineering,C409,,Affiliated,,,,33,Tamil Nadu,614,Tiruchirappalli,,,,https://www.krce.ac.in/,,,,,,
79,KITSW,,Kakatiya Institute of Technology & Science,C079,,Autonomous,ENGINEERING_COLLEGE,,,36,Telengana,540,Warangal,,,,https://www.kitsw.ac.in/,,,,,,
268,KITW,,Kakatiya Institute of Technology & Science for Women,C268,,Autonomous,ENGINEERING_COLLEGE,,,36,Telengana,533,Nizamabad,,,,https://kitw.ac.in/,,,,,,
12,KIET,,Kakinada Institute of Engineering and Technology,C012,,Affiliated,ENGINEERING_COLLEGE,,,28,Andhra Pradesh,546,West Godavari,,,,https://www.kietgroup.com/,,,,,,
14,KIEW,,Kakinada Institute of Engineering and Technology for Women,C014,,Affiliated,ENGINEERING_COLLEGE,,,28,Andhra Pradesh,545,East Godavari,,,,https://www.kietgroup.com/kietw/index.html,,,,,,
13,KIEK,,Kakinada Institute of Engineering and Technology-II,C013,,Affiliated,ENGINEERING_COLLEGE,,,28,Andhra Pradesh,545,East Godavari,,,,https://www.kietgroup.com/KIET2/index.html,,,,,,
143,KISR,,Kakinada Institute of Technology and Science,C143,,Affiliated,ENGINEERING_COLLEGE,,,28,Andhra Pradesh,545,East Godavari,,,,http://www.kitsdivili.ac.in/,,,,,,
,,,Kalasalingam University ,C321,,University,,,,33,Tamil Nadu,625,Virudhunagar,,,,https://www.kalasalingam.ac.in/,,,,,,
,,,Kalinga University ,C387,,,,,,22,Chhattisgarh,0,,,,,,,,,,,
233,KHIT,,Kallam Harinadh Reddy Institute of Technology,C233,,Autonomous,ENGINEERING_COLLEGE,,,28,Andhra Pradesh,548,Guntur,,,,https://khitguntur.ac.in/,,,,,,
271,KTKM,,Kamala Institute of Technology & Science,C271,,Autonomous,ENGINEERING_COLLEGE,,,36,Telengana,534,Karimnagar,,,,https://www.kitssingapuram.ac.in/,,,,,,
141,KMIT,,Keshav Memorial Institute of Technology,C141,,Autonomous,ENGINEERING_COLLEGE,,,36,Telengana,536,Ranga Reddy,,,,https://www.kmit.in/,,,,,,
258,KGRH,,KG Reddy College of Engineering & Technology,C258,,Autonomous,ENGINEERING_COLLEGE,,,36,Telengana,537,Bhandara,,,,https://kgr.ac.in/,,,,,,
273,KMTS,,Khammam Institute of Technology & Sciences,C273,,Autonomous,ENGINEERING_COLLEGE,,,36,Telengana,541,Khammam,,,,,,,,,,
,,,KIET Group of Institutions,C506,,,,,,9,Uttar Pradesh,140,Ghaziabad,,,,https://www.kiet.edu/overview,,,,,,
46,KITS,,KKR & KSR Institute of Technology & Sciences,C046,,Autonomous,ENGINEERING_COLLEGE,,,28,Andhra Pradesh,548,Guntur,,,,https://www.kitsguntur.ac.in/,,,,,,
,,,KL Business School,C441,,Deemed University,,,,28,Andhra Pradesh,548,Guntur,,,,https://www.kluniversity.in/mba/,,,,,,
,,,KL College of Pharmacy,C440,,Deemed University,,,,28,Andhra Pradesh,548,Guntur,,,,https://www.kluniversity.in/pharmacy/,,,,,,
,,,KL Hyderabad,C449,,Deemed University,,,,36,Telangana,537,Rangareddy,,,,kluniversity.in,,,,,,
,,,KL University,C294,,University,,,,28,Andhra Pradesh,548,Guntur,,,,https://www.kluniversity.in/,,,,,,
,,,KLE Society's S. Nijalingappa College,C433,,Affiliated,,,,29,Karnataka,572,Bangalore,,,,https://klesnc.edu.in/,,,,,,
286,KDDW,,Kodada Institute of Technology & Science For Women,C286,,Affiliated,ENGINEERING_COLLEGE,,,36,Telengana,539,Nalgonda,,,,http://kitskodad.in/,,,,,,
247,KPRT,,Kommuri Pratap Reddy Institute of Technology,C247,,Autonomous,ENGINEERING_COLLEGE,,,36,Telengana,537917,Medchal,,,,https://www.kpritech.ac.in/,,,,,,
83,KCPT,,Koringa College of Pharmacy,C083,,Affiliated,PHARMACY_COLLEGE,,,28,Andhra Pradesh,545,East Godavari,,,,https://koringacollegeofpharmacy.co.in/wp/,,,,,,
,,,Krishna University,C292,,University,ENGINEERING_COLLEGE,,,28,Andhra Pradesh,547,Krishna,,,,https://kru.ac.in/,,,,,,
,,,Krupanidhi Group of Institutions,C477,,Affiliated,,,,29,Karnataka,572,Bangalore,,,,https://krupanidhi.edu.in/,,,,,,
277,KCEA,,Kshatriya College of Engineering,C277,,Autonomous,ENGINEERING_COLLEGE,,,36,Telengana,533,Nizamabad,,,,https://www.kcea.in/,,,,,,
29,KSRM,,"KSRM College Of Engineering
",C029,,Autonomous,ENGINEERING_COLLEGE,,,28,Andhra Pradesh,551,Kadapa,,,,https://www.ksrmce.ac.in/,,,,,,
238,KUPM,,Kuppam Engineering College,C238,,,ENGINEERING_COLLEGE,,,28,Andhra Pradesh,554,Chittoor,,,,https://kec.ac.in/,,,,,,
68,L4G,,L4G,C068,,,ENGINEERING_COLLEGE,,,36,Telengana,536,Ranga Reddy,,,,,,,,,,
30,LBCE,,Lakkireddy Balireddy College of Engineering,C030,,Autonomous,ENGINEERING_COLLEGE,,,28,Andhra Pradesh,547,Krishna,,,,https://lbrce.ac.in/,,,,,,
212,LIET,,Lendi Institute of Engineering and Technology,C212,,Autonomous,ENGINEERING_COLLEGE,,,28,Andhra Pradesh,545,East Godavari,,,,https://lendi.org/,,,,,,
,,,Lenora College of Engineering,C322,,,,,,28,Andhra Pradesh,545,East Godavari,,,,,,,,,,
228,LIMT,,Lingayas Institute of Management and Technology,C228,,,ENGINEERING_COLLEGE,,,28,Andhra Pradesh,547,Krishna,,,,,,,,,,
,,,"Lok Nayak Jai Prakash Institute of Technology, Chhapra ",C385,,,,,,10,Bihar,0,,,,,,,,,,,
92,VGWL,,Lovely Professional University ,C092,,,ENGINEERING_COLLEGE,,,3,Punjab,0,,,,,,,,,,,
,,,Loyola Academy Degree and PG College,C434,,Autonomous,,,,36,Telangana,537917,Medchal,,,,,,,,,,
,,,Loyola Institute of Technology and Management ,C373,,,,,,28,Andhra Pradesh,548,Guntur,,,,,,,,,,
,,,M. Kumarasamy College of Engineering,C499,,Autonomous,,,,33,Tamil Nadu,613,Karur,,,,https://www.mkce.ac.in/,,,,,,
229,MVRS,,M.V.R College of Engineering & Technology,C229,,,ENGINEERING_COLLEGE,,,36,Telengana,537,Bhandara,,,,,,,,,,
41,MITS,,Madanapalle Institute of Technology & Science,C041,,,ENGINEERING_COLLEGE,,,28,Andhra Pradesh,554,Chittoor,,,,,,,,,,
75,MHRJ,,Maharajha's College of Pharmacy,C075,,,PHARMACY_COLLEGE,,,28,Andhra Pradesh,543,Vizianagaram,,,,,,,,,,
117,MGIT,,Mahatma Gandhi Institute of Technology,C117,,,ENGINEERING_COLLEGE,,,36,Telengana,536,Ranga Reddy,,,,,,,,,,
259,MHVR,,Mahaveer Institute of Science & Technology,C259,,,ENGINEERING_COLLEGE,,,36,Telengana,537,Bhandara,,,,,,,,,,
,,,"MAHE , MANIPAL INSTITUTE OF TECHNOLOGY BENGALURU",C394,,Private University,,,,29,Karnataka,572,Bangalore,,,,manipal.edu/mit,,,,,,
,,,Mahindra University ,C382,,,,,,36,Telengana,0,,,,,,,,,,,
32,MLEW,,Malineni Lakshmaiah Womens Engineering College,C032,,,ENGINEERING_COLLEGE,,,28,Andhra Pradesh,548,Guntur,,,,,,,,,,
40,MPES,,Malineni Perumallu Educational Society's Group of Institutions,C040,,,ENGINEERING_COLLEGE,,,28,Andhra Pradesh,548,Guntur,,,,,,,,,,
167,MRCE,,Malla Reddy College of Engineering,C167,,,ENGINEERING_COLLEGE,,,36,Telengana,536,,,,,,,,,,,
,,,Malla Reddy College of Engineering and Technology,C466,,Autonomous,,,,36,Telengana,537,Rangareddy,,,,https://mrcet.com/,,,,,,
,,,Malla Reddy College of Engineering for Women,C467,,Affiliated,,,,36,Telengana,537,Rangareddy,,,,http://www.mrcew.ac.in/,,,,,,
169,MREM,,Malla Reddy Engineering College & Management Sciences,C169,,,ENGINEERING_COLLEGE,,,36,Telengana,537,Bhandara,,,,,,,,,,
72,MRCW,,Malla Reddy Engineering College for Women,C072,,,ENGINEERING_COLLEGE,,,36,Telengana,537,Bhandara,,,,,,,,,,
87,MREW,,Malla Reddy Group,C087,,,ENGINEERING_COLLEGE,,,36,Telengana,537,Bhandara,,,,,,,,,,
144,MRET,,Malla Reddy Institute of Engineering & Technology,C144,,,ENGINEERING_COLLEGE,,,36,Telengana,537,Bhandara,,,,,,,,,,
145,MLTM,,Malla Reddy Institute of Technology,C145,,,ENGINEERING_COLLEGE,,,36,Telengana,537,Bhandara,,,,,,,,,,
146,MRIT,,Malla Reddy Institute of Technology & Science,C146,,,ENGINEERING_COLLEGE,,,36,Telengana,537,Bhandara,,,,,,,,,,
168,MREC,,Malla Reddy University / Previously Malla Reddy Engineering College,C168,,,ENGINEERING_COLLEGE,,,36,Telengana,537,Bhandara,,,,,,,,,,
,,,Mallareddy College Of Engineering,C380,,,,,,36,Telengana,0,,,,,,,,,,,
170,MLRD,,Mallareddy College of Engineering & Technology,C170,,,ENGINEERING_COLLEGE,,,36,Telengana,537,Bhandara,,,,,,,,,,
,,,Mallareddy University ,C341,,,,,,36,Telengana,537,Bhandara,,,,,,,,,,
,,,Mangalore Institute of Technology and Engineering,C435,,,,,,29,Karnataka,575,Dakshina Kannada,,,,mite.ac.in,,,,,,
,,,Manipal University Jaipur,C490,,University,,,,8,Rajasthan,110,Jaipur,,,,https://jaipur.manipal.edu/,,,,,,
174,MLRS,,Marri Laxman Reddy Institute of Technology & Management,C174,,,ENGINEERING_COLLEGE,,,36,Telengana,537,Bhandara,,,,,,,,,,
94,MECS,,Matrusri Engineering College,C094,,,ENGINEERING_COLLEGE,,,36,Telengana,536,,,,,,,,,,,
,,,"Maulana Azad National Institute of Technology, Bhopal ",C342,,,,,,23,Madhya Pradesh,444,,,,,,,,,,,
280,MEDK,,Medak College of Engineering & Technology,C280,,,ENGINEERING_COLLEGE,,,36,Telengana,535908,,,,,,,,,,,
,,,Meenakshi Chandrasekaran College of Arts & Science,C455,,,,,,33,Tamil Nadu,620,Thanjavur,,,,.,,,,,,
,,,Megha Institute of Engineering & Technology for Women,C469,,Autonomous,,,,36,Telangana,537917,Medchal,,,,https://meghaengg.ac.in/,,,,,,
65,MCET,,Methodist College of Engineering and Technology,C065,,,ENGINEERING_COLLEGE,,,36,Telengana,536,,,,,,,,,,,
147,MLID,,MLR Institute of Technology,C147,,,ENGINEERING_COLLEGE,,,36,Telengana,0,,medchal_malka,,,,,,,,,
176,MNRT,,MNR College of Engineering and Technology,C176,,,ENGINEERING_COLLEGE,,,36,Telengana,535,Medak,,,,,,,,,,
,,,Mohan Babu University,C343,,,,,,28,Andhra Pradesh,554,Chittoor,,,,,,,,,,
163,MOTK,,Mother Teresa Institute of Science & Technology,C163,,,ENGINEERING_COLLEGE,,,36,Telengana,541,Khammam,,,,,,,,,,
284,MTEC,,Mother Theressa College of Engineering & Technology,C284,,,ENGINEERING_COLLEGE,,,36,Telengana,534919,,,,,,,,,,,
,,,Motilal Nehru National Institute of Technology,C503,,,,,,9,Uttar Pradesh,175,Allahabad,,,,https://www.mnnit.ac.in/,,,,,,
,,,MRM College of Pharmacy ,C293,,,Pharmacy,,,36,Telengana,537,,,,,,,,,,,
,,,MSR Degree College,C375,,,,,,28,Andhra Pradesh,550,Nellore,,,,,,,,,,
263,MJCT,,Muffakham Jah College of Engineering & Technology,C263,,,ENGINEERING_COLLEGE,,,36,Telengana,536,,,,,,,,,,,
38,MVRG,,MVGR College of Engineering,C038,,,ENGINEERING_COLLEGE,,,28,Andhra Pradesh,543,Vizianagaram,,,,,,,,,,
160,MVSR,,MVSR Engineering College,C160,,,ENGINEERING_COLLEGE,,,36,Telengana,536,,,,,,,,,,,
,,,N M A M I T NITTE KARKALA,C296,,,,,,29,Karnataka,569,,,,,,,,,,,
232,NLND,,Nalanda Institute of Engineering & Technology,C232,,,ENGINEERING_COLLEGE,,,28,Andhra Pradesh,548,Guntur,,,,,,,,,,
177,NNRG,,Nalla Narasimha Reddy Education Societys Group of Institutions,C177,,,ENGINEERING_COLLEGE,,,36,Telengana,0,,medchal-malk,,,,,,,,,
178,NREC,,Nallamalla Reddy Engineering College,C178,,,ENGINEERING_COLLEGE,,,36,Telengana,537917,Medchal,,,,,,,,,,
47,NITN,,Narasaraopeta Institute of Technology,C047,,,ENGINEERING_COLLEGE,,,28,Andhra Pradesh,548,Guntur,,,,,,,,,,
181,NRNG,,Narayana Engineering College  Gudur,C181,,,ENGINEERING_COLLEGE,,,28,Andhra Pradesh,550,Nellore,,,,,,,,,,
180,NARN,,Narayana Engineering College Nellore,C180,,,ENGINEERING_COLLEGE,,,28,Andhra Pradesh,550,Nellore,,,,,,,,,,
22,NSPE,,Narsaraopet Engineering College,C022,,,ENGINEERING_COLLEGE,,,28,Andhra Pradesh,548,Guntur,palnadu,,,,,,,,,
179,NRCM,,Narsimha Reddy Engineering College,C179,,,ENGINEERING_COLLEGE,,,36,Telengana,537917,,,,,,,,,,,
,,,"National Institute of Technology , Durgapur",C417,,University,,,,19,West Bengal,335,Barddhaman,,,,https://nitdgp.ac.in/,,,,,,
,,,National Institute of Technology Andhra Pradesh ,C356,,,,,,28,Andhra Pradesh,546,West Godavari,,,,,,,,,,
,,,National Institute Of Technology Goa,C325,,,,,,30,Goa,586,,,,,,,,,,,
,,,National Institute of Technology Karnataka,C324,,,,,,29,Karnataka,575,,,,,,,,,,,
,,,"National Institute of Technology, Calicut",C344,,,,,,32,Kerala,591,,,,,,,,,,,
264,NAWB,,Nawab Shah Alam Khan College of Engineering & Technology,C264,,,ENGINEERING_COLLEGE,,,36,Telengana,536,,,,,,,,,,,
235,NBKR,,NBKR Institute of Science & Technology,C235,,,ENGINEERING_COLLEGE,,,28,Andhra Pradesh,550,Nellore,,,,,,,,,,
142,NGIT,,Neil Gogte Institute of Technology,C142,,,ENGINEERING_COLLEGE,,,36,Telengana,537917,,,,,,,,,,,
,,,"Netaji Subhas University of Technology, Delhi",C326,,,,,,7,NCR of Delhi,0,,delhi have no districts,,,,,,,,,
,,,Newton's Institute of Engineering ,C442,,Affiliated,,,,28,Andhra Pradesh,548,Guntur,,,,https://newtonsnie.co.in/subpage.php?submenu_id=45,,,,,,
285,NGMA,,Nigama Engineering College,C285,,,ENGINEERING_COLLEGE,,,36,Telengana,534,,,,,,,,,,,
,,,NIT Arunachal Pradesh,C424,,Private University,,,,12,Arunachal Pradesh,248,Papum Pare,,,,https://www.nitap.ac.in/,,,,,,
,,,NIT Srinagar,C323,,,,,,1,Jammu & Kashmir,10,,,,,,,,,,,
,,,NIT Warangal ,C357,,,,,,36,Telengana,0,,,,,,,,,,,
,,,NMAM Institute of Technology ,C345,,,,,,29,Karnataka,569,,,,,,,,,,,
,,,NMIT Bangalore ,C390,,,,,,29,Karnataka,572,Bangalore,,,,nmit.ac.in,,,,,,
182,NOVA,,Nova Group of Colleges,C182,,,ENGINEERING_COLLEGE,,,36,Telengana,536,,,,,,,,,,,
15,NRIA,,"NRI Institute of Technology, Vijayawada",C015,,,ENGINEERING_COLLEGE,,,28,Andhra Pradesh,547,Krishna,,,,,,,,,,
74,NRIT,,"NRI Institute of Technology, Perecharla",C074,,,ENGINEERING_COLLEGE,,,28,Andhra Pradesh,548,Guntur,,,,,,,,,,
218,NSRT,,NS Raju Institute of Technology,C218,,,ENGINEERING_COLLEGE,,,28,Andhra Pradesh,544,Visakhapatnam,,,,,,,,,,
,,,NVR College of Engineering & Technology,C425,,Affiliated,,,,28,Andhra Pradesh,548,Guntur,,,,http://www.nannapaneni.org/,,,,,,
,,,Om Sterling Global University,C476,,Private University,,,,6,Haryana,80,Hisar,,,,https://www.osgu.ac.in/,,,,,,
,,,"P.E.S Modern College of Engineering, Pune.",C301,,,,,,27,Maharashtra,521,,,,,,,,,,,
242,PVKK,,P.V.K.K. Institute of Technology,C242,,,ENGINEERING_COLLEGE,,,28,Andhra Pradesh,553,Anantapur,,,,,,,,,,
55,PACE,,PACE Institute of Technology & Sciences,C055,,,ENGINEERING_COLLEGE,,,28,Andhra Pradesh,549,Prakasam,,,,,,,,,,
,,,Pallavi Engineering College,C470,,Autonomous,,,,36,Telengana,536,Ranga Reddy,,,,https://pallaviengineeringcollege.ac.in/,,,,,,
,,,Panimalar Institute of Technology,C436,,Affiliated,,,,33,Tamil Nadu,603,Chennai,,,,https://www.pit.ac.in/,,,,,,
,,,Parul University ,C358,,,,,,24,Gujarat,486,,,,,,,,,,,
70,PBSC,,PB Siddhartha College,C070,,,DEGREE_COLLEGE,,,28,Andhra Pradesh,547,Krishna,,,,,,,,,,
,,,PBR Visvodaya Institute of Technology & Science,C460,,,,,,28,Andhra Pradesh,550,Nellore,,,,vitsnp.edu.in,,,,,,
,,,"Pillai College of Engineering, New Panvel (Autonomous)",C405,,Autonomous,,,,27,Maharashtra,519,Mumbai,,,,https://www.pce.ac.in/,,,,,,
,,,Polaris School of Technology(Starex University),C388,,,,,,,Unknown,0,,,,,,,,,,,
89,PSCV,,PSCMR College of Engineering and Technology,C089,,,ENGINEERING_COLLEGE,,,28,Andhra Pradesh,547,Krishna,,,,,,,,,,
35,PRAG,,Pragati Engineering College,C035,,,ENGINEERING_COLLEGE,,,28,Andhra Pradesh,545,East Godavari,,,,,,,,,,
36,PKSK,,Prakasam Engineering College,C036,,,ENGINEERING_COLLEGE,,,28,Andhra Pradesh,549,Prakasam,,,,,,,,,,
2,PPSV,,Prasad V Potluri Siddhartha Institute of Technology,C002,,,ENGINEERING_COLLEGE,,,28,Andhra Pradesh,547,Krishna,,,,,,,,,,
220,PCET,,Prasiddha College of Engineering and Technology,C220,,,ENGINEERING_COLLEGE,,,28,Andhra Pradesh,545,East Godavari,,,,,,,,,,
,,,Prathyusha Engineering College,C414,,Affiliated,,,,33,Tamil Nadu,0,,,,,,,,,,,
,,,Presidency University,C418,,University,,,,19,West Bengal,342,Kolkata,,,,https://www.presiuniv.ac.in/web/,,,,,,
183,PETW,,Princeton Institute of Engineering & Technology For Women,C183,,,ENGINEERING_COLLEGE,,,36,Telengana,537917,,,,,,,,,,,
,,,PRIST Deemed to be University,C408,,University,,,,33,Tamil Nadu,620,Vallam,,,,https://www.prist.ac.in/,,,,,,
184,PIST,,Priyadarashini Institute of Science & Technology,C184,,,ENGINEERING_COLLEGE,,,36,Telengana,536,,,,,,,,,,,
,,,PSNA COLLEGE OF ENGINEERING AND TECHNOLOGY ,C302,,,,,,33,Tamil Nadu,603,,,,,,,,,,,
154,PYDE,,Pydah College of Engineering,C154,,,ENGINEERING_COLLEGE,,,28,Andhra Pradesh,545,East Godavari,,,,,,,,,,
219,PYDA,,Pydah College of Engineering and Technology,C219,,,ENGINEERING_COLLEGE,,,,Unknown,0,,,,,,,,,T,,
61,QISE,,QIS College of Engineering & Technology,C061,,,ENGINEERING_COLLEGE,,,28,Andhra Pradesh,549,Prakasam,,,,,,,,,,
69,QITO,,QIS Institute of Technology,C069,,,ENGINEERING_COLLEGE,,,28,Andhra Pradesh,549,Prakasam,,,,,,,,,,
,,,R.M.K. Engineering College,C346,,,,,,33,Tamil Nadu,602,,,,,,,,,,,
230,RVJC,,R.V.R.& J.C.College of Engineering(Autonomous),C230,,,ENGINEERING_COLLEGE,,,28,Andhra Pradesh,548,Guntur,,,,,,,,,,
,,,Raajdhani Engineering college ,C303,,,,,,21,Odisha,386,,,,,,,,,,,
185,RAGU,,Raghu Engineering College,C185,,,ENGINEERING_COLLEGE,,,28,Andhra Pradesh,544,Visakhapatnam,,,,,,,,,,
85,RITV,,Raghu Institute of Technology,C085,,,ENGINEERING_COLLEGE,,,28,Andhra Pradesh,544,Visakhapatnam,,,,,,,,,,
201,RIET,,Rajamahendri Institute of Engineering and Technology,C201,,,ENGINEERING_COLLEGE,,,28,Andhra Pradesh,545,East Godavari,,,,,,,,,,
,,,Rajarambapu Institute of Technology,C486,,Autonomous,,,,19,West Bengal,330,Uttar Dinajpur,,,,https://ritindia.edu/ritwebsite/website/index.php,,,,,,
64,RGIT,,Rajeev Gandhi Memorial College of Engineering & Technology,C064,,,ENGINEERING_COLLEGE,,,28,Andhra Pradesh,552,Kurnool,,,,,,,,,,
,,,Rajiv Gandhi Institute of Petroleum Technology,C327,,,,,,9,Uttar Pradesh,191,,,,,,,,,,,
,,,"Rajiv Gandhi University of Knowledge Technologies, Nuzvid",C328,,,,,,28,Andhra Pradesh,547,Krishna,,,,,,,,,,
,,,Rajkiya Engineering College,C502,,,,,,9,Uttar Pradesh,178,Ambedkar Nagar,,,,https://www.recabn.ac.in/,,,,,,
224,RCEE,,Ramachandra College of Engineering,C224,,,ENGINEERING_COLLEGE,,,28,Andhra Pradesh,546,West Godavari,,,,,,,,,,
,,,Ramaiah Institute of Technology ,C329,,,,,,29,Karnataka,572,,,,,,,,,,,
,,,Ramco Institute of Technology,C307,,,,,,33,Tamil Nadu,625,,,,,,,,,,,
,,,Ramdeobaba University (RBU),C450,,Private University,,,,27,Maharashtra,505,Nagpur,,,,rknec.edu,,,,,,
45,RCEW,,Ravindra College of Engineering for Women,C045,,,ENGINEERING_COLLEGE,,,28,Andhra Pradesh,552,Kurnool,,,,,,,,,,
,,,REVA University,C396,,,,,,29,Karnataka,572,Bangalore,,,,reva.edu.in,,,,,,
,,,RGUKT Srikakulam,C461,,,,,,28,Andhra Pradesh,542,Srikakulam,,,,rguktsklm.ac.in,,,,,,
,,,Rise Krishna Sai Prakasam Group Of Institutions,C365,,,,,,28,Andhra Pradesh,549,Prakasam,,,,,,,,,,
248,RITW,,Rishi Ms Institute of Engineering & Technology For Women,C248,,,ENGINEERING_COLLEGE,,,36,Telengana,0,,med_mal,,,,,,,,,
,,,Roorkee Institute of Technology,C416,,Affiliated,,,,5,Uttarakhand,60,Dehradun,,,,,,,,,,
279,RRST,,RRS College of Engineering & Technology,C279,,,ENGINEERING_COLLEGE,,,36,Telengana,535903,Sangareddy,,,,,,,,,,
,,,Rural Engineering College Hulkoti,C479,,Affiliated,,,,29,Karnataka,561,Gadag,,,,https://www.rechulkoti.edu.in/,,,,,,
,,,RVS College of engineering,C330,,,,,,33,Tamil Nadu,632,,technology added,,,,,,,,,
189,SRHP,,S R University (Previously S R Engineering College),C189,,,ENGINEERING_COLLEGE,,,36,Telengana,535,,,,,,,,,,,
198,SVEC,,S V Engineering College for Women,C198,,,ENGINEERING_COLLEGE,,,36,Telengana,537,,,,,,,,,,,
,,,Sai Rajeswari Institute Of Technology,C376,,,,,,28,Andhra Pradesh,551,Kadapa,,,,,,,,,,
274,SAIS,,Sai Spurthi Institute of Technology,C274,,,ENGINEERING_COLLEGE,,,36,Telengana,541,Khammam,,,,,,,,,,
253,TRML,,Sai Tirumala NVR Engineering College ,C253,,,ENGINEERING_COLLEGE,,,28,Andhra Pradesh,548,Guntur,,,,,,,,,,
,,,Samhitha degree college,C437,,,,,,28,Andhra Pradesh,545,East Godavari,,,,https://www.samhithaedu.com/,,,,,,
249,SMSK,,Samskruti College of Engineering & Technology,C249,,,ENGINEERING_COLLEGE,,,36,Telengana,537,,,,,,,,,,,
,,,San Jose State University,C420,,University,,,,,Unknown,0,,,,,,,,,,,
287,SANA,,Sana Engineering College,C287,,,ENGINEERING_COLLEGE,,,36,Telangana,0,,,,,,,,,,,
243,SSSE,,Sanskrithi School of Engineering,C243,,,ENGINEERING_COLLEGE,,,28,Andhra Pradesh,553,Anantapur,,,,,,,,,,
186,SREC,,Santhiram Engineering College,C186,,,ENGINEERING_COLLEGE,,,28,Andhra Pradesh,552,Kurnool,,,,,,,,,,
,,,Sarada Educational Institute ,C372,,,,,,28,Andhra Pradesh,547,Krishna,,,,,,,,,,
,,,Saranathan College of Engineering,C501,,Autonomous,,,,33,Tamil Nadu,614,Tiruchirappalli,,,,https://saranathan.ac.in/,,,,,,
73,SASI,,Sasi Instiute of Technology & Engineering,C073,,,ENGINEERING_COLLEGE,,,28,Andhra Pradesh,546,West Godavari,,,,,,,,,,
,,,SASTRA Deemed University,C493,,Deemed University,,,,33,Tamil Nadu,620,Thanjavur,,,,https://www.sastra.edu/,,,,,,
134,SGVP,,Satya Institute of Technology & Management,C134,,,ENGINEERING_COLLEGE,,,28,Andhra Pradesh,543,,,,,,,,,,,
,,,School of Information Technology (RGPV),C452,,Affiliated,,,,23,Madhya Pradesh,444,Bhopal,,,,rgpv.ac.in,,,,,,
260,SNTI,,Scient Institute of Technology,C260,,,ENGINEERING_COLLEGE,,,36,Telengana,537,,,,,,,,,,,
,,,SCSVMV Deemed to be University,C495,,Deemed University,,,,33,Tamil Nadu,604,Kancheepuram,,,,https://kanchiuniv.ac.in/,,,,,,
,,,Seicom Degree College ,C457,,Affiliated,,,,28,Andhra Pradesh,554,Chittoor,,,,.,,,,,,
148,SCET,,Shadan College of Engineering and Technology,C148,,Affiliated,ENGINEERING_COLLEGE,,,36,Telengana,536,Ranga Reddy,,,,,,,,,,
188,SWET,,Shadan Womens College of Engineering & Technology,C188,,Affiliated,ENGINEERING_COLLEGE,,,36,Telengana,536,Ranga Reddy,,,,,,,,,,
,,,Shah & Anchor Kutchhi Engineering College,C454,,Autonomous,,,,27,Maharashtra,519,Mumbai,,,,shahandanchor.com,,,,,,
,,,Shanmuga Industries Arts & Science College,C497,,Affiliated,,,,33,Tamil Nadu,606,Tiruvannamalai,,,,https://www.shanmugacollege.edu.in/,,,,,,
,,,Shri Madhwa Vadiraja Institute of Technology & Management,C445,,Autonomous,,,,29,Karnataka,569,Udupi,,,,smvitm.ac.in,,,,,,
66,SCPB,,Shri Vishnu College of Pharmacy,C066,,Affiliated,PHARMACY_COLLEGE,,,28,Andhra Pradesh,546,West Godavari,,,,,,,,,,
,,,Siddaganga Institute of Technology,C391,,Autonomous,,,,29,Karnataka,571,Tumakuru,,,,sit.ac.in,,,,,,
250,SISG,,Siddharatha Institute of Technology & Sciences,C250,,Affiliated,ENGINEERING_COLLEGE,,,36,Telengana,536,Ranga Reddy,,,,,,,,,,
156,SDTN,,Siddharth Institute of Engineering and Technology,C156,,Affiliated,ENGINEERING_COLLEGE,,,36,Telengana,537,Puttur,,,,,,,,,,
261,SIEI,,Siddhartha Institute of Engineering & Technology,C261,,Affiliated,ENGINEERING_COLLEGE,,,36,Telengana,536,Ranga Reddy,,,,,,,,,,
,,,Siliguri Institute of Technology,C304,,Affiliated,,,,19,West Bengal,327,Darjeeling,,,,,,,,,,
,,,Silver Oak University,C305,,Private University,,,,24,Gujarat,474,Ahmedabad,,,,,,,,,,
7,CRRE,,Sir CR Reddy College of Engineering,C007,,Autonomous,ENGINEERING_COLLEGE,,,28,Andhra Pradesh,546,West Godavari,,,,,,,,,,
,,,Sir CRR COLLEGE OF PHARMACEUTICAL SCIENCES ,C347,,Affiliated,,,,28,Andhra Pradesh,546,West Godavari,,,,,,,,,,
,,,Sir Padampat Singhania University,C489,,Private University,,,,8,Rajasthan,103,Jhunjhunun,,,,https://www.spsu.ac.in/,,,,,,
,,,Sitamarhi Institute Of Technology,C306,,Affiliated,,,,10,Bihar ,206,Sitamarhi,,,,,,,,,,
,,,Smt B. Seetha Polytechnic,C362,,Affiliated,,,,28,Andhra Pradesh,546,West Godavari,,,,,,,,,,
,,,SNS College of Engineering,C438,,Autonomous,,,,33,Tamil Nadu,632,Coimbatore,,,,https://snsce.ac.in/,,,,,,
,,,SNS College of Technology,C500,,Autonomous,,,,33,Tamil Nadu,632,Coimbatore,,,,https://snsct.org/,,,,,,
21,SPHN,,Sphoorthy Engineering College,C021,,Affiliated,ENGINEERING_COLLEGE,,,36,Telengana,536,Ranga Reddy,,,,,,,,,,
131,GDLV,,SR Gudlavalleru Engineering College,C131,,Autonomous,ENGINEERING_COLLEGE,,,28,Andhra Pradesh,547,Krishna,,,,,,,,,,
,,,SR University,C378,,Private University,,,,36,Telengana,0,Warangal,,,,,,,,,,
,,,"Sree Buddha College of Engineering, Pattoor",C402,,Affiliated,,,,32,Kerala,598,Alappuzha,,,,https://sbce.ac.in/,,,,,,
190,CHTN,,Sree Chaitanya College of Engineering,C190,,Affiliated,ENGINEERING_COLLEGE,,,36,Telengana,537,Karimnagar,,,,,,,,,,
191,CHTS,,Sree Chaitanya Institute of Technological Sciences,C191,,Affiliated,ENGINEERING_COLLEGE,,,36,Telengana,534,Karimnagar,,,,,,,,,,
192,SDES,,Sree Dattha Institute of Engineering and Science,C192,,Affiliated,ENGINEERING_COLLEGE,,,36,Telengana,537,Ranga Reddy,,,,,,,,,,
275,SKEC,,Sree Kavitha Engineering College,C275,,Affiliated,ENGINEERING_COLLEGE,,,36,Telengana,541,Khammam,,,,,,,,,,
193,SNIS,,Sreenidhi Institute of Science & Technology,C193,,Autonomous,ENGINEERING_COLLEGE,,,36,Telengana,537917,Ranga Reddy,,,,,,,,,,
157,SSCC,,Sreenivasa Institute of Technology and Management Studies,C157,,Affiliated,ENGINEERING_COLLEGE,,,28,Andhra Pradesh,554,Chittoor,,,,,,,,,,
251,SRYS,,Sreyas Institute of Engineering & Technology,C251,,Affiliated,ENGINEERING_COLLEGE,,,36,Telengana,537917,Ranga Reddy,,,,,,,,,,
56,SDMS,,Sri Durga Malleswara Siddhartha Mahila Kalasala,C056,,Affiliated,DEGREE_COLLEGE,,,28,Andhra Pradesh,547,Vijayawada,,,,,,,,,,
194,INDU,,Sri Indu College of Engineering & Technology,C194,,Affiliated,ENGINEERING_COLLEGE,,,36,Telengana,537,Ranga Reddy,,,,,,,,,,
149,INDI,,Sri Indu Institute of Engineering and Technology,C149,,Affiliated,ENGINEERING_COLLEGE,,,36,Telengana,537,Ranga Reddy,,,,,,,,,,
,,,SRI KRISHNADEVARAYA UNIVERSITY COLLEGE OF ENGINEERING AND TECHNOLOGY,C331,,University,,,,28,Andhra Pradesh,553,Anantapur,,,,,,,,,,
172,MPLG,,Sri Mittapalli College of Engineering,C172,,Affiliated,ENGINEERING_COLLEGE,,,28,Andhra Pradesh,548,Guntur,,,,,,,,,,
171,MPLW,,Sri Mittapalli Institute of Technology For Women,C171,,Affiliated,ENGINEERING_COLLEGE,,,28,Andhra Pradesh,548,Guntur,,,,,,,,,,
221,SPCT,,Sri Prakash College of Engineering,C221,,Affiliated,ENGINEERING_COLLEGE,,,28,Andhra Pradesh,546,East Godavari,,,,,,,,,,
,,,Sri Sai Ram Engineering College ,C348,,Autonomous,,,,33,Tamilnadu,603,Chennai,more ,,,,,,,,,
,,,Sri Sairam Engineering College,C415,,Autonomous,,,,33,Tamil Nadu,604,Tambaram,,,,,,,,,,
,,,Sri Sarada Niketan College of Science for Women,C498,,Affiliated,,,,33,Tamil Nadu,613,Karur,,,,http://ssnc.ac.in/departments.php?id=14,,,,,,
153,SSCE,,Sri Sivani college of Engineering,C153,,Affiliated,ENGINEERING_COLLEGE,,,28,Andhra Pradesh,542,Srikakulam,,,,,,,,,,
,,,Sri Sunflower College of Engineering And Technology,C332,,Affiliated,,,,28,Andhra Pradesh,547,Krishna,,,,,,,,,,
222,VSVT,,Sri Vasavi Engineering College  Tadepalligudem,C222,,Autonomous,ENGINEERING_COLLEGE,,,28,Andhra Pradesh,546,West Godavari,,,,,,,,,,
,,,Sri Vasavi Institute of Engineering and Technology ,C439,,Affiliated,,,,28,Andhra Pradesh,547,Krishna,,,,https://www.sviet.edu.in/,,,,,,
187,SVPP,,Sri Venkatesa Perumal College of Engineering and Technology,C187,,Affiliated,ENGINEERING_COLLEGE,,,28,Andhra Pradesh,554,Puttur,,,,,,,,,,
,,,Sri Venkateshwara University College of Engineering,C359,,University,,,,28,Andhra Pradesh,554,Tirupati,,,,,,,,,,
150,SVCE,,Sri Venkateswara College of Engineering,C150,,Autonomous,ENGINEERING_COLLEGE,,,28,Andhra Pradesh,554,Chittoor,,,,,,,,,,
20,SVCT,,Sri Venkateswara College of Engineering and Technology,C020,,Affiliated,ENGINEERING_COLLEGE,,,28,Tamilnadu,554,,,,,,,,,,,
288,SVES,,Sri Venkateswara Engineering College,C288,,Affiliated,ENGINEERING_COLLEGE,,,28,Telengana,0,,,,,,,,,,,
27,SVNE,,Mohanbabu University(Sri Vidya Niketan Engineering College),C027,,Autonomous,ENGINEERING_COLLEGE,,,28,Andhra Pradesh,554,Chittoor,,,,,,,,,,
4,VISW,,Sri Vishnu Engineering College for Women,C004,,Autonomous,ENGINEERING_COLLEGE,,,28,Andhra Pradesh,546,West Godavari,,,,,,,,,,
262,SDEW,,Sridevi Womens Engineering College,C262,,Affiliated,ENGINEERING_COLLEGE,,,36,Telengana,537,Ranga Reddy,,,,,,,,,,
,,,Srinivas Institute of Technology ,C349,,Autonomous,,,,29,Karnataka,575,Mangaluru,,,,,,,,,,
43,SEICOM,,Srinivasa Educational Institute of Commerce,C043,,University,DEGREE_COLLEGE,,,28,Karnataka,554,Chittoor,,,,,,,,,,
23,SRIT,,Srinivasa Ramanujan Institute of Technology,C023,,Autonomous,ENGINEERING_COLLEGE,,,28,Andhra Pradesh,553,Anantapur,,,,,,,,,,
19,SRKI,,SRK Institute of Technology,C019,,Affiliated,ENGINEERING_COLLEGE,,,28,Andhra Pradesh,547,Vijayawada,,,,,,,,,,
28,SRKR,,SRKR Engineering College,C028,,Autonomous,ENGINEERING_COLLEGE,,,28,Andhra Pradesh,546,Bhimavaram,,,,,,,,,,
,,,SRM Institute of Science and Technology ,C333,,Private University,,,,33,Tamil Nadu,604,Chengalpattu,,,,,,,,,,
,,,SRM University AP Amaravathi,C363,,Private University,,,,28,Andhra Pradesh,548,Guntur,,,,,,,,,,
175,MRTN,,St Martins Engineering College,C175,,Autonomous,ENGINEERING_COLLEGE,,,36,Telengana,537917,Medchal,,,,,,,,,,
195,SMED,,St Marys Group of Institutions,C195,,Affiliated,ENGINEERING_COLLEGE,,,36,Telengana,536,Ranga Reddy,,,,,,,,,,
252,SPEC,,St Peters Engineering College,C252,,Affiliated,ENGINEERING_COLLEGE,,,36,Telengana,537917,Medchal,,,,,,,,,,
,,,St. Martin's Engineering College,C471,,Autonomous,,,,36,Telangana,537917,Medchal,,,,https://www.smec.ac.in/,,,,T,,
90,STTH,,St. Thomas College Autonomous Thrissur,C090,,Autonomous,ENGINEERING_COLLEGE,,,32,Kerala,594,Thrissur,,,,,,,,,,
234,ANSN,,St.Anns College of Engineering and Technology,C234,,Affiliated,ENGINEERING_COLLEGE,,,28,Andhra Pradesh,548,Chirala,,,,,,,,,,
197,SMGG,,St.Marys Group of Institutions Guntur,C197,,Affiliated,ENGINEERING_COLLEGE,,,28,Andhra Pradesh,548,Guntur,,,,,,,,,,
196,STMW,,St.Marys Womens Engineering College,C196,,Affiliated,ENGINEERING_COLLEGE,,,28,Andhra Pradesh,548,Guntur,,,,,,,,,,
60,STLW,,Stanley College of Engineering & Technology for women,C060,,Autonomous,ENGINEERING_COLLEGE,,,36,Telengana,536,Ranga Reddy,,,,,,,,,,
269,SRIW,,Sumathi Reddy Institute of Technology For Women,C269,,Affiliated,ENGINEERING_COLLEGE,,,36,Telengana,540,Warangal,,,,,,,,,,
,,,Sun Arts & Science College,C491,,Affiliated,,,,33,Tamil Nadu,606,Tiruvannamalai,,,,https://suncolleges.ac.in/,,,,,,
199,SVSE,,SVS Group of Institutions,C199,,Affiliated,ENGINEERING_COLLEGE,,,36,Telengana,0,Warangal,,,,,,,,,,
283,SRTI,,Swami Ramananda Thirtha Institute of Science & Technology,C283,,Affiliated,ENGINEERING_COLLEGE,,,36,Telengana,539,Nalgonda,,,,,,,,,,
265,SVIT,,Swami Vivekananda Institute of Technology,C265,,Affiliated,ENGINEERING_COLLEGE,,,36,Telengana,536,Secunderabad,,,,,,,,,,
164,SBIT,,Swarna Bharathi Institute of Scince & Technology,C164,,Affiliated,ENGINEERING_COLLEGE,,,36,Telengana,541,Khammam,,,,,,,,,,
200,SWRN,,Swarnandhra College of Engineering & Technology,C200,,Autonomous,ENGINEERING_COLLEGE,,,36,Andhra Pradesh,546,West Godavari,,,,,,,,,,
151,SIET,,Swarnandhra Institute of Engineering and Technology,C151,,Affiliated,ENGINEERING_COLLEGE,,,28,Andhra Pradesh,546,West Godavari,,,,,,,,,,
270,TPCE,,Talla Padmavathi College of Engineering,C270,,Affiliated,ENGINEERING_COLLEGE,,,36,Telengana,0,Warangal,,,,,,,,,,
202,TKEM,,Teegala Krishna Reddy Engineering College,C202,,Affiliated,ENGINEERING_COLLEGE,,,36,Telengana,537,Ranga Reddy,,,,,,,,,,
214,TPIB,,Thandra Paparaya Institute of Sciences & Technology,C214,,Affiliated,ENGINEERING_COLLEGE,,,28,Andhra Pradesh,543,Vizianagaram,,,,,,,,,,
,,,The Apollo University,C308,,Private University,,,,28,Andhra Pradesh,554,Chittoor,,,,,,,,,,
,,,The Assam Kaziranga University ,C350,,Private University,,,,18,Assam,312,Jorhat,,,,,,,,,,
231,TMLN,,Tirumala Engineering College,C231,,Affiliated,ENGINEERING_COLLEGE,,,28,Andhra Pradesh,548,Narasaraopet,,,,,,,,,,
203,TKRC,,TKR College of Engineering & Technology,C203,,Affiliated,ENGINEERING_COLLEGE,,,36,Telengana,537,Ranga Reddy,,,,,,,,,,
204,TCTK,,Trinity College of Engineering & Technology,C204,,Affiliated,ENGINEERING_COLLEGE,,,36,Telengana,534919,Karimnagar,,,,,,,,,,
205,TCEK,,Trinity College of Engineering & Technology Peddapally,C205,,Affiliated,ENGINEERING_COLLEGE,,,36,Telengana,0,Peddapalli,,,,,,,,,,
,,,Tssm's Bhivarabai College of Engineering and Research ,C351,,Affiliated,,,,27,Maharashtra,0,Pune,,,,,,,,,,
,,,"University Institute of Technology, RGPV Bhopal ",C482,,University,,,,23,Madhya Pradesh,444,Bhopal,,,,https://www.uitrgpv.ac.in/,,,,,,
,,,University Of Allahabad,C504,,University,,,,9,Uttar Pradesh,183,Gonda,,,,https://www.allduniv.ac.in/,,,,,,
,,,University of South Florida ,C334,,University,,,,,Unknown,0,Tampa,,,,,,,,,,
,,,University of Visvesvaraya College of Engineering,C481,,Autonomous,,,,29,Karnataka,572,Bangalore,,,,https://uvce.ac.in/,,,,,,
155,URCE,,Usha Rama College of Engineering & Technology,C155,,Affiliated,ENGINEERING_COLLEGE,,,28,Andhra Pradesh,547,Krishna,,,,,,,,,,
93,VGWL,,Vaagdevi Engineering College,C093,,Autonomous,ENGINEERING_COLLEGE,,,36,Telengana,540,Warangal,,,,,,,,,,
105,VGSE,,Vaageswari College of Engineering,C105,,Affiliated,ENGINEERING_COLLEGE,,,36,Telengana,534,Karimnagar,,,,,,,,,,
5,VMEG,,Vardhaman College of Engineering,C005,,Autonomous,ENGINEERING_COLLEGE,,,36,Telengana,536,Ranga Reddy,,,,,,,,,,
266,VASV,,Vasavi College of Engineering,C266,,Autonomous,ENGINEERING_COLLEGE,,,36,Telengana,536,Ranga Reddy,,,,,,,,,,
1,VVIT,,Vasireddy Venkatadri Institute of Technology,C001,,Autonomous,ENGINEERING_COLLEGE,,,28,Andhra Pradesh,548,Guntur,,,,,,,BQ,,,https://www.bajajfinserv.in/insurance/rto
,,,Vel Tech Rangarajan Dr. Sagunthala R&D Institute of Science and Technology,C411,,Private University,,,,33,Tamil Nadu,602,Thiruvallur,,,,https://www.veltech.edu.in/,,,,,,
3,VRSE,,Velagapudi Ramakrishna Siddhartha Engineering College,C003,,Autonomous,ENGINEERING_COLLEGE,,,28,Andhra Pradesh,547,Krishna,,,,,,,,,,
,,,"Vellore Institute of Technology , Vellore",C426,,Deemed University,,,,33,Tamil Nadu,605,Vellore,,,,https://vit.ac.in/,,,,,,
,,,Vemana Institute of Technology ,C397,,Affiliated,,,,29,Karnataka,572,Bangalore,,,,vemanait.edu.in,,,,,,
158,VEMU,,Vemu Institute of Technology,C158,,Autonomous,ENGINEERING_COLLEGE,,,28,Andhra Pradesh,554,Chittoor ,,,,,,,,,,
99,VJIT,,Vidya Jyothi Institute of Technology,C099,,Autonomous,ENGINEERING_COLLEGE,,,36,Telengana,535903,Sangareddy,,,,,,,,,,
,,,Vienna university,C352,,University,,,,, Austria,0,Vienna,,,,,,,,,,
209,VGNT,,Vignan Institute of Technology and Science,C209,,Affiliated,ENGINEERING_COLLEGE,,,36,Telengana,539906,Bhuvanagiri ,,,,,,,,,,
67,VFST,,"Vignan's Foundation for Science, Technology and Research",C067,,University,ENGINEERING_COLLEGE,,,28,Andhra Pradesh,548,Guntur,,,,,,,,,,
80,VIEW,,Vignan's Institute of Engineering For Women,C080,,Affiliated,ENGINEERING_COLLEGE,,,28,Andhra Pradesh,544,visakhapatnam,,,,,,,,,,
49,VIVP,,Vignan's Institute of Information Technology,C049,,Autonomous,ENGINEERING_COLLEGE,,,28,Andhra Pradesh,544,visakhapatnam,,,,,,,,,,
71,VNIW,,Vignan's Nirula Institute of Technology & Science for Women,C071,,Affiliated,ENGINEERING_COLLEGE,,,28,Andhra Pradesh,548,Guntur,,,,,,,,,,
206,VBIT,,Vignana Bharathi Institute of Technology,C206,,Autonomous,ENGINEERING_COLLEGE,,,36,Telengana,536,Ranga Reddy,,,,,,,,,,
207,VBEC,,Vignana Bharati Engineering Colllege,C207,,Affiliated,ENGINEERING_COLLEGE,,,36,Telengana,536,Ranga Reddy,,,,,,,,,,
208,VMTW,,Vignans Institute of Management and Technology for Women,C208,,Autonomous,ENGINEERING_COLLEGE,,,36,Telengana,537917,malkajgiri,,,,,,,,,,
152,VITA,,Vignans Institute of Technology & Aeronautical Engineering,C152,,University,ENGINEERING_COLLEGE,,,36,Telengana,539,Nalgonda,,,,,,,,,,
225,VLIT,,Vignans Lara Institute of Technology & Science,C225,,Autonomous,ENGINEERING_COLLEGE,,,28,Andhra Pradesh,548,Guntur,,,,,,,,,,
278,VREC,,Vijay Rural Engineering College,C278,,Affiliated,ENGINEERING_COLLEGE,,,36,Telengana,533,Nizamabad,,,,,,,,,,
276,VJYA,,Vijaya Engineering College,C276,,Affiliated,ENGINEERING_COLLEGE,,,36,Telengana,541,Khammam,,,,,,,,,,
57,VITW,,Vijaya Institute of Technology for Women,C057,,Affiliated,ENGINEERING_COLLEGE,,,28,Andhra Pradesh,547,krishna,,,,,,,,,,
,,,"Vijayam Science & Arts Degree College, Chittoor",C465,,Affiliated,,,,28,Andhra Pradesh,554,Chittoor,,,,.,,,,,,
,,,Vikas Group of Institutions ,C360,,Affiliated,,,,28,Andhra Pradesh,547,krishna,,,,,,,,,,
,,,Vimal Jyothi Engineering College,C401,,Private University,,,,32,Kerala,589,Kannur,,,,https://www.vjec.ac.in/,,,,,,
77,VSNU,,Vishnu Dental College,C077,,Affiliated,DENTAL_COLLEGE,,,28,Andhra Pradesh,545,East Godavari,,,,,,,,,,
18,VITB,,Vishnu Institute of Technology,C018,,Autonomous,ENGINEERING_COLLEGE,,,28,Andhra Pradesh,545,East Godavari,,,,,,,,,,
161,VCET,,Visvesvaraya College of Engineering & Technology,C161,,Affiliated,ENGINEERING_COLLEGE,,,36,Telengana,536,Ranga Reddy,,,,,,,,,,
210,SVTM,,Viswam Engineering College,C210,,Affiliated,ENGINEERING_COLLEGE,,,28,Andhra Pradesh,554,Chittoor,,,,,,,,,,
,,,VIT Bhopal University,C335,,University,,,,23,Madhya Pradesh,444,,,,,,,,,,,
,,,VIT-AP University,C374,,University,,,,28,Andhra Pradesh,547,krishna ,,,,,,,,,,
272,VVKN,,Vivekananda Inistitute of Technology & Science,C272,,Affiliated,ENGINEERING_COLLEGE,,,36,Telengana,534,Karimnagar,,,,,,,,,,
78,VJEC,,VNR Vignana Jyothi Institute of Engineering & Technology,C078,,Affiliated,ENGINEERING_COLLEGE,,,36,Telengana,536,Ranga Reddy,med-mal,,,,,,,,,
,,,"Walchand Institute of Technology, Solapur ",C295,,Autonomous,,,,27,Maharashtra,526,Solapur ,,,,,,,,,,
,,,"Wellfare Institute of Science, Technology and Management",C367,,Affiliated,,,,28,Andhra Pradesh,544,Visakhapatnam,,,,,,,,,,
211,,,GITAM University Bangalore,C211,,University,ENGINEERING_COLLEGE,,,29,Karnataka,0,Srikakulam,,,,,,,,,,
,,,,C473,,,,,,,,,,,,,.,,,,,,
,,,,C507,,,,,,,,,,,,,,,,,,,
,,,,C508,,,,,,,,,,,,,,,,,,,
,,,,C509,,,,,,,,,,,,,,,,,,,
,,,,C510,,,,,,,,,,,,,,,,,,,
,,,,C511,,,,,,,,,,,,,,,,,,,
,,,,C512,,,,,,,,,,,,,,,,,,,
,,,,C513,,,,,,,,,,,,,,,,,,,
,,,,C514,,,,,,,,,,,,,,,,,,,
,,,,C515,,,,,,,,,,,,,,,,,,,
,,,,C516,,,,,,,,,,,,,,,,,,,
,,,,C517,,,,,,,,,,,,,,,,,,,
,,,,C518,,,,,,,,,,,,,,,,,,,
,,,,C519,,,,,,,,,,,,,,,,,,,
,,,,C520,,,,,,,,,,,,,,,,,,,
,,,,C521,,,,,,,,,,,,,,,,,,,
,,,,C522,,,,,,,,,,,,,,,,,,,
,,,,C523,,,,,,,,,,,,,,,,,,,
,,,,C524,,,,,,,,,,,,,,,,,,,
,,,,C525,,,,,,,,,,,,,,,,,,,